Amino.Acid.S,Amino.Acid.T,Iupred.score,Consensus,normalization,SiteNum,missing_PSSM
1,0,0.545602,0.338,0.004237288,5,0
1,0,0.36309,0.265,0.007225434,7,0
1,0,0.585406,-0.176,0.001996008,8,0
1,0,0.941505,0.616,0.004780876,14,0
0,1,0.784345,-0.064,0.001451379,16,1
1,0,0.370445,0.707,0.0056926,17,1
1,0,0.699094,-0.404,0.2,21,1
0,1,0.671169,1.519,0.156989247,26,0
1,0,0.31487,-0.624,0.0456621,28,0
1,0,0.324872,-0.395,0.3,30,0
0,1,0.433034,-0.004,0.005524862,31,0
1,0,0.359901,0.604,0.057142857,38,1
1,0,0.59508,-0.834,0.021052632,42,0
0,1,0.575842,0.489,0.021956088,53,0
1,0,0.657645,-0.24,0.002061856,55,0
0,1,0.384043,-0.156,0.328767123,64,1
1,0,0.06184,-0.172,0.01369863,65,0
1,0,0.915074,-0.081,0.001612903,79,1
1,0,0.712013,-0.684,9.98004e-4,81,0
1,0,0.41194,-0.667,0.033264033,91,0
0,1,0.557691,-0.486,0.001135074,92,0
1,0,0.490133,-0.72,0.074380165,117,1
0,1,0.291804,-0.271,0.018900344,137,0
0,1,0.707965,-0.494,0.005524862,139,0
1,0,0.632174,0.633,0.006451613,155,0
1,0,0.680603,-0.403,0.00443459,157,0
1,0,0.541878,-0.184,0.013157895,166,0
1,0,0.759478,0.861,0.01986755,168,0
1,0,0.465241,0.23,0.012283237,182,0
0,1,0.754692,0.13,0.002906977,187,0
0,1,0.15008,-0.232,0,206,0
1,0,0.549308,-0.53,0,213,0
0,1,0.798249,-0.199,0.006011315,218,0
1,0,0.58069,-0.541,0.010358566,221,1
0,1,0.812494,-0.07,0.012121212,231,0
1,0,0.036378,-0.202,0.166666667,234,0
0,1,0.938133,-0.541,0.001053741,236,0
1,0,0.626927,-0.738,0.025974026,246,0
1,0,0.767246,-0.248,0.035059761,255,1
1,0,0.657645,-0.737,0.002444988,261,0
1,0,0.771762,1.1,0.260869565,263,0
1,0,0.871313,-0.263,0.016129032,264,0
1,0,0.613573,-0.591,0.001135074,270,0
1,0,0.798249,-0.344,0.008695652,273,1
1,0,0.720929,-0.01,0.06097561,285,0
0,1,0.25031,0.148,0.004807692,287,0
0,1,0.703578,-0.054,0.007751938,289,0
1,0,0.720929,-0.706,0.136842105,304,0
0,1,0.699094,0.407,0.005959476,314,0
1,0,0.59917,0.559,0.015912306,320,0
0,1,0.422041,-0.347,0.002444988,321,1
1,0,0.871313,0.816,0.057142857,322,1
0,1,0.788093,0.595,0.092644979,324,0
0,1,0.17593,0.584,0.025,326,0
0,1,0.557691,0.681,0.005464481,327,0
1,0,0.798249,-0.541,0.019123506,337,0
0,1,0.414856,-0.668,0.010869565,343,0
0,1,0.196879,-0.32,0.106078665,345,0
1,0,0.905695,-0.802,0.268948655,353,0
1,0,0.525368,-0.242,0.105263158,354,0
0,1,0.342579,0.779,0.031914894,355,0
1,0,0.849326,-0.258,0.011589404,358,0
1,0,0.562014,-0.328,0.001135074,363,1
1,0,0.7951,-0.358,6.46831e-4,366,0
0,1,0.414856,-0.526,0.017639077,367,0
0,1,0.905695,-0.725,0.008429926,368,0
1,0,0.750527,-0.575,0.002390438,377,0
0,1,0.480142,0.822,0.006810443,382,0
0,1,0.879233,-0.288,0.004301075,384,0
1,0,0.557691,-0.891,0.001718213,385,1
1,0,0.517562,0.265,0.004540295,390,1
1,0,0.876521,0.167,0.005555556,399,0
1,0,0.604312,-0.212,0.037735849,401,0
0,1,0.699094,0.552,0.001165501,404,1
1,0,0.8013,0.104,0.084566596,405,1
1,0,0.852992,-0.774,0.015968064,406,0
1,0,0.675549,0.373,0.002390438,408,0
1,0,0.505461,-0.329,0.002217295,421,0
0,1,0.653063,-0.073,0.001445087,433,0
1,0,0.699094,-0.678,0.027777778,435,0
1,0,0.232838,-0.502,0.016348774,436,0
1,0,0.562014,0.003,0.004540295,437,0
1,0,0.699094,0.171,0.078350515,445,1
0,1,0.301917,0.837,0.003311258,452,0
0,1,0.868118,-0.531,0.007978723,455,0
0,1,0.859585,0.086,0.017857143,457,0
1,0,0.377384,-0.125,0.010526316,459,0
0,1,0.58069,-0.36,0.013377926,462,0
1,0,0.59014,-0.362,0.009501188,463,1
1,0,0.534167,-0.664,0.002118644,469,0
0,1,0.398279,0.03,0.004750594,473,1
1,0,0.801317,-0.58,0.004237288,476,0
0,1,0.521092,-0.024,0.001108647,486,0
0,1,0.653063,-0.069,0.004132231,488,0
1,0,0.468512,-0.606,0.005952381,512,0
0,1,0.170161,-0.298,0.005464481,514,0
1,0,0.879233,-0.911,0.027272727,518,0
1,0,0.562014,-0.311,0.034883721,524,0
1,0,0.490133,0.953,0.21978022,527,1
1,0,0.728858,-0.476,9.98004e-4,538,0
0,1,0.054297,0.24,0.001135074,539,0
1,0,0.901269,-0.935,0.011904762,549,1
1,0,0.885302,0.357,0.012711864,550,1
1,0,0.618285,-0.381,0.002173913,551,1
1,0,0.494003,0.022,0.009090909,552,0
1,0,0.808535,-0.244,0.068493151,555,1
1,0,0.570702,0.33,0.057142857,558,0
1,0,0.545602,-0.392,0.007874016,564,0
1,0,0.823549,0.164,0.002150538,573,0
0,1,0.716283,0.29,0.023012552,577,0
1,0,0.47658,-0.137,0.098360656,582,0
1,0,0.919029,-0.034,0.005464481,584,0
1,0,0.486429,-0.34,0,593,0
1,0,0.759478,-0.391,0.008064516,602,1
1,0,0.716283,-0.479,0.004540295,606,0
0,1,0.690604,-0.656,0.015936255,609,1
0,1,0.447574,-0.001,0.005555556,623,0
1,0,0.505461,0.822,0.050809604,625,0
1,0,0.922952,-0.307,0.002173913,626,1
1,0,0.268042,0.542,0.019354839,632,1
1,0,0.805026,0.016,0.022727273,646,0
0,1,0.928747,-0.405,0.016556291,652,0
0,1,0.377384,-0.086,0.005555556,653,0
0,1,0.359901,-0.181,0.004065041,659,0
1,0,0.483068,0.289,0.032258065,660,0
0,1,0.862302,-0.572,0.026804124,664,0
1,0,0.905695,-0.061,0.085985483,671,1
1,0,0.509769,-0.386,0.005813953,675,0
1,0,0.505461,-0.694,0.032520325,679,0
1,0,0.921076,0.157,0.004966887,685,1
0,1,0.771762,-0.751,0.001191895,695,1
1,0,0.84616,0.129,0.093198992,697,0
0,1,0.380708,-0.053,7.22543e-4,698,0
1,0,0.924947,-0.014,0.002906977,699,0
0,1,0.707965,-0.204,0.010869565,701,0
1,0,0.724957,-0.015,0.023655914,702,0
0,1,0.4619,0.009,6.46831e-4,708,1
1,0,0.856457,-0.089,0.001655629,711,0
1,0,0.51388,0.084,0.003412969,713,0
1,0,0.648219,-0.401,7.96813e-4,718,0
0,1,0.671169,0.299,0.154761905,720,1
0,1,0.76285,-0.355,0.004115226,721,1
1,0,0.088832,-0.571,0.083333333,724,0
1,0,0.862302,-0.083,0.003161222,725,0
1,0,0.846163,0.529,0.043478261,726,0
1,0,0.335645,-0.395,0.2,729,0
1,0,0.642678,-0.665,0.010869565,730,0
1,0,0.941505,-0.882,0.028571429,737,0
1,0,0.741537,-0.296,0.002403846,740,0
1,0,0.767246,-0.062,0.010869565,744,1
1,0,0.505461,-0.328,0.031914894,750,0
1,0,0.461924,-0.074,0.003610108,751,0
1,0,0.494003,-0.268,0.087628866,753,0
1,0,0.517562,-0.236,0.010869565,763,1
1,0,0.59014,-0.154,0.001996008,764,1
1,0,0.928747,-0.313,0.016666667,770,0
1,0,0.754692,-0.075,0.004462294,779,1
1,0,0.690604,0.284,0.010358566,782,0
1,0,0.521092,-0.702,0.001030928,784,0
1,0,0.699094,0.319,0.005813953,788,0
1,0,0.549308,-0.322,0.032967033,791,0
0,1,0.690604,-0.351,0.010358566,793,0
0,1,0.58069,-0.516,0.001135074,797,0
1,0,0.720929,0.333,0.017482517,799,0
1,0,0.444081,1.397,0.121546961,801,0
0,1,0.959312,-0.952,0.002084781,813,0
1,0,0.775545,-0.321,0.00376569,818,1
1,0,0.795062,-0.283,0.012396694,826,0
1,0,0.541878,-0.275,0.001414427,833,0
1,0,0.40511,0.928,0.004545455,835,1
1,0,0.5254,-0.386,6.46831e-4,848,0
0,1,0.613573,-0.847,0.013377926,850,0
1,0,0.868118,-0.265,0.007751938,867,0
1,0,0.690604,-0.377,0.010869565,869,0
0,1,0.741537,-0.397,0.142857143,876,1
1,0,0.216401,0.201,0.24,877,0
0,1,0.76285,-0.568,0.010869565,882,0
1,0,0.604312,-0.171,0.022984441,894,0
1,0,0.494003,-0.294,0.002118644,906,1
1,0,0.662,0.077,0.001940492,907,0
1,0,0.398279,-0.043,0,912,1
0,1,0.483068,-0.356,0.003405221,914,0
1,0,0.805026,1.291,0.195519348,918,0
1,0,0.390993,-0.209,0.032608696,919,0
1,0,0.63748,0.428,0.009677419,921,1
1,0,0.454136,-0.196,0.002270148,923,0
1,0,0.63748,-0.487,0.10989011,938,1
1,0,0.398279,0.777,0.02173913,941,0
1,0,0.461924,0.734,0.005154639,943,0
0,1,0.275179,-0.506,0.003478261,948,0
1,0,0.51388,-0.758,0.010928962,955,0
1,0,0.585406,0.742,0.067010309,960,0
1,0,0.882776,0.422,0.008230453,964,0
1,0,0.298791,-0.463,0.001897533,966,0
1,0,0.25406,0.514,9.98004e-4,973,0
1,0,0.608892,0.555,0.003161222,976,0
1,0,0.675549,0.26,0.137184116,988,1
1,0,0.47658,0.686,0.171052632,990,0
1,0,0.384043,-0.047,0.001451379,991,0
1,0,0.505461,0.217,0.002150538,998,0
1,0,0.6531,-0.639,0.021992238,999,0
0,1,0.377384,-0.199,0.005347594,1001,1
1,0,0.784345,-0.665,0.051886792,1003,0
1,0,0.775545,0.466,0.011290323,1004,1
1,0,0.570702,-0.234,0.003412969,1007,0
1,0,0.557691,-0.082,0.016949153,1011,1
1,0,0.461924,-0.163,0.017006803,1012,0
1,0,0.83125,-0.508,0.016393443,1015,0
1,0,0.440853,-0.638,0.136518771,1026,1
1,0,0.185198,-0.457,0.00908059,1032,0
1,0,0.6269,0.759,0.009702458,1037,1
1,0,0.497853,-0.716,7.96813e-4,1054,0
0,1,0.468512,-0.123,3.53607e-4,1055,0
1,0,0.517562,-0.267,0.032894737,1061,0
1,0,0.486429,0.937,0.10137457,1069,0
1,0,0.418646,-0.426,0.081743869,1074,0
0,1,0.486429,-0.747,0.003405221,1077,0
0,1,0.94331,-0.333,6.94927e-4,1087,0
1,0,0.915074,-0.822,0.024691358,1092,0
1,0,0.7369,-0.508,0.017857143,1094,0
1,0,0.570702,-0.035,0.052301255,1097,0
1,0,0.63748,-0.184,0.015748032,1098,1
1,0,0.819762,-0.758,0.010358566,1104,0
1,0,0.158265,-0.252,0.001897533,1112,1
0,1,0.846163,-0.057,4.46229e-4,1127,0
0,1,0.724957,-0.474,7.96813e-4,1138,1
1,0,0.805026,0.142,0.052894212,1152,1
1,0,0.798249,-0.577,0.015936255,1155,0
1,0,0.934618,-0.561,0.003478261,1159,0
1,0,0.666105,1.224,0.137283237,1160,0
1,0,0.716283,-0.619,0.002173913,1162,0
1,0,0.541878,-0.89,0.008158508,1165,1
1,0,0.823549,-0.172,0.038220987,1168,0
1,0,0.837511,-0.298,0.021802326,1179,1
1,0,0.852992,-0.772,0.071428571,1194,0
1,0,0.622677,0.093,0.005154639,1203,0
1,0,0.808535,-0.13,0.043405676,1207,0
1,0,0.84206,-0.512,0.004504505,1210,0
1,0,0.517562,-0.44,0.005154639,1212,1
1,0,0.862302,0.143,0.002994012,1214,0
1,0,0.3704,-0.226,0.029754204,1215,0
1,0,0.632174,-0.437,0.002403846,1225,1
1,0,0.46524,0.26,0.012594458,1227,0
1,0,0.370445,-0.604,0.003405221,1229,0
1,0,0.56648,0.206,0.018828452,1231,1
1,0,0.557691,-0.595,0.033057851,1250,0
0,1,0.465241,-0.13,0.072727273,1251,0
1,0,0.871313,-0.24,0.002107482,1255,0
1,0,0.349426,-0.555,0.002061856,1256,0
1,0,0.879233,-0.13,0.063636364,1262,0
1,0,0.5577,-0.331,0.007115136,1274,0
1,0,0.15284,-0.422,0.001356852,1275,0
0,1,0.653063,-0.35,0.005555556,1277,1
1,0,0.56648,-0.059,0.011049724,1279,0
0,1,0.472492,-0.307,0.007125891,1282,0
1,0,0.179055,-0.692,0.069518717,1285,0
0,1,0.964893,-0.579,0.002444988,1286,0
1,0,0.741537,-0.514,0.011494253,1290,0
1,0,0.59917,0.72,0.004347826,1296,0
1,0,0.191378,-0.553,0.05,1297,0
0,1,0.92490000000000006,-0.762,0.026785714,1300,0
1,0,0.51388,-0.603,0.001135074,1301,0
1,0,0.608892,-0.323,0.062992126,1303,0
1,0,0.801317,0.805,0.241992883,1310,1
1,0,0.733139,-0.36,0.00913242,1325,0
1,0,0.505461,-0.659,0.296296296,1331,0
1,0,0.712,-0.241,0.001293661,1337,0
1,0,0.632174,-0.389,0.026894866,1341,1
1,0,0.775545,-0.138,0.003401361,1342,0
0,1,0.626927,-0.783,7.96813e-4,1346,1
1,0,0.377384,-0.021,0.067567568,1348,1
1,0,0.398279,-0.042,0.180645161,1352,0
1,0,0.699094,-0.32,0.009501188,1356,1
1,0,0.626927,0.396,0.02173913,1359,0
0,1,0.444081,0.406,0.012578616,1367,0
1,0,0.653063,0.506,0.004662005,1371,0
1,0,0.671169,-0.931,0.016393443,1373,0
1,0,0.570702,-0.085,7.07214e-4,1374,0
1,0,0.707965,-0.485,0.004301075,1376,0
0,1,0.63748,-0.413,0.003795066,1381,1
1,0,0.622677,-0.703,0.00292887,1393,1
1,0,0.901269,-0.112,0.001453488,1394,0
1,0,0.324872,-0.592,0.071428571,1399,0
1,0,0.476583,-0.652,0.004347826,1400,1
1,0,0.745909,0.239,0.006825939,1404,0
1,0,0.733139,0.127,0.011340206,1406,1
1,0,0.936162,-0.641,0.027272727,1418,1
0,1,0.575842,-0.644,0.003123606,1428,0
0,1,0.856457,0.196,0.003992016,1440,0
0,1,0.891961,-0.055,6.94927e-4,1441,1
0,1,0.978316,-0.528,3.47464e-4,1443,1
1,0,0.444081,-0.241,0.066666667,1457,1
1,0,0.767246,-0.464,0.083333333,1465,0
1,0,0.468512,-0.4,0.004065041,1468,0
1,0,0.505461,-0.465,0.008158508,1479,0
1,0,0.91507,-0.714,0.016393443,1481,0
1,0,0.51388,0.033,0.010238908,1491,0
1,0,0.486429,-0.35,0.010869565,1496,0
1,0,0.570702,-0.237,0.64,1498,0
0,1,0.288399,-0.373,0.004158004,1502,0
0,1,0.675549,-0.421,0.004504505,1514,0
1,0,0.58069,-0.171,0.003405221,1516,0
0,1,0.716283,0.512,0.004132231,1519,0
0,1,0.308712,-0.282,0.013157895,1520,0
0,1,0.84206,0.062,0.015503876,1528,0
0,1,0.42561,0.847,0.007874016,1529,0
0,1,0.342579,-0.293,0.010309278,1530,0
1,0,0.899122,0.245,0.001451379,1531,0
1,0,0.889439,-0.727,3.53607e-4,1534,0
1,0,0.58069,-0.596,0.007125891,1536,0
1,0,0.26085,-0.056,0.00216763,1537,0
1,0,0.750527,0.235,0.034574468,1551,0
1,0,0.784345,0.094,8.3682e-4,1553,0
0,1,0.767246,0.402,0.001451379,1554,0
1,0,0.642678,0.191,0.010309278,1559,1
1,0,0.4186,-0.299,0.003154574,1572,0
0,1,0.480142,-0.399,0.022580645,1576,0
0,1,0.827927,-0.428,7.96813e-4,1581,0
0,1,0.8853,-0.199,6.46831e-4,1584,0
0,1,0.76285,-0.278,0.001996008,1587,1
1,0,0.521092,0.638,0.02970297,1589,1
0,1,0.76285,0.271,0.00476758,1593,1
1,0,0.494003,-0.251,0.047619048,1596,1
0,1,0.921076,-0.918,0.016678249,1601,0
0,1,0.321458,-0.228,0.02739726,1618,0
1,0,0.712013,-0.22,0.001784917,1620,0
1,0,0.795062,0.177,0.003992016,1624,0
1,0,0.30533,0.051,0.00908059,1637,1
1,0,0.067594,0.142,0.003344482,1643,0
0,1,0.4292,-0.167,0.002217295,1652,0
1,0,0.849326,-0.685,0.031798246,1666,0
0,1,0.733139,-0.772,0.003187251,1670,1
1,0,0.366687,-0.328,0.012987013,1678,1
1,0,0.819762,-0.205,0.016393443,1693,0
1,0,0.509769,-0.134,0.003344482,1694,0
1,0,0.517562,-0.356,0.026804124,1696,0
1,0,0.76285,-0.154,0.046263345,1699,0
1,0,0.534167,-0.164,0.004087193,1702,0
1,0,0.458154,-0.414,0.001165501,1714,0
1,0,0.675549,-0.076,0.001612903,1719,0
1,0,0.418646,-0.305,0.004115226,1720,0
0,1,0.090864,-0.346,0.001718213,1735,0
0,1,0.562014,-0.295,0.181818182,1736,0
1,0,0.680603,-0.404,0.019123506,1738,0
1,0,0.675549,0.199,0.020408163,1748,0
1,0,0.733139,-0.284,0.05511811,1749,1
0,1,0.4292,-0.334,0.005524862,1757,1
1,0,0.990642,-0.432,0.001042391,1758,0
1,0,0.728858,1.215,0.018033946,1771,1
1,0,0.480142,-0.38,0.010869565,1778,0
1,0,0.167087,0.321,0.020408163,1780,1
1,0,0.384043,-0.15,0.166666667,1798,0
1,0,0.284882,-0.108,0.011904762,1803,0
1,0,0.728858,0.658,0.032608696,1810,0
1,0,0.905695,0.5,0.021276596,1814,0
0,1,0.754692,-0.428,0.004504505,1819,0
1,0,0.852992,1.194,0.162761506,1823,1
1,0,0.819762,-0.336,0.055858311,1825,0
1,0,0.63748,-0.125,0.030523256,1828,0
1,0,0.509769,-0.203,0.06010929,1840,0
1,0,0.486429,-0.745,0.06175772,1843,0
1,0,0.26085,0.127,0.1,1845,1
1,0,0.232838,0.701,0.107142857,1848,1
1,0,0.908098,0.786,0.006355932,1865,0
0,1,0.98442,-0.24,0.005583473,1866,0
0,1,0.440853,-0.154,0.003610108,1867,0
1,0,0.724957,-0.493,0.234234234,1868,1
1,0,0.604312,-0.382,0.015228426,1881,0
1,0,0.871313,-0.535,0.002390438,1886,0
1,0,0.311707,1.336,0.023809524,1887,0
1,0,0.468512,0.455,0.023890785,1889,0
1,0,0.846163,0.667,0.050541516,1892,0
1,0,0.675549,0.753,0.002150538,1898,0
1,0,0.985964,0.097,0.2,1900,0
0,1,0.51388,-0.832,0.004662005,1901,0
1,0,0.461924,0.09,0.023622047,1902,0
1,0,0.919029,-0.478,0.009817046,1904,0
0,1,0.956248,-0.05,0.194945848,1912,0
1,0,0.216401,-0.662,0,1913,0
1,0,0.281712,-0.5,0.005827506,1918,0
1,0,0.585406,0.001,0.005154639,1919,0
0,1,0.76285,-0.178,0.013157895,1920,0
1,0,0.5017,0.023,0.005524862,1926,1
1,0,0.7799,1.197,0.063091483,1929,0
1,0,0.671169,-0.595,0.001897533,1939,0
0,1,0.308712,-0.218,0.005154639,1951,0
1,0,0.632174,1.093,0.345454546,1952,0
1,0,0.318242,0.16,0.012371134,1953,0
1,0,0.476583,1.389,0.161157025,1954,0
1,0,0.570702,-0.609,0.076502732,1958,0
1,0,0.5211,-0.189,0.002587322,1963,0
1,0,0.754692,-0.611,0.002270148,1966,0
1,0,0.549308,-0.49,0.007256894,1967,0
1,0,0.891961,-0.76,0.057613169,1969,0
1,0,0.538167,-0.505,0.003610108,1973,1
1,0,0.81615,-0.744,0.010869565,1990,0
0,1,0.25406,0.47,0.002347418,1996,0
1,0,0.298791,-0.477,0.001135074,2006,0
0,1,0.339168,-0.889,3.53607e-4,2009,0
1,0,0.741537,0.217,0.003092784,2036,0
1,0,0.642678,-0.604,0.25,2045,0
1,0,0.846163,-0.344,0.005555556,2049,1
1,0,0.76285,-0.27,0.112244898,2052,0
1,0,0.56648,-0.643,0.004926108,2055,0
0,1,0.834292,1.258,0.209745763,2056,0
1,0,0.56201,-0.7,0.006578947,2067,0
1,0,0.562014,-0.067,3.53607e-4,2087,0
0,1,0.509769,-0.26,0.005347594,2088,1
1,0,0.557691,-0.189,0.010204082,2094,1
1,0,0.538167,0.842,0.035827187,2100,0
1,0,0.232838,-0.486,0.00625,2107,1
1,0,0.819762,0.041,0.041716329,2112,1
1,0,0.912647,-0.657,0.005577689,2113,0
0,1,0.21291,-0.238,0.072222222,2116,0
0,1,0.088832,0.063,0.017857143,2126,0
1,0,0.632174,-0.318,0.010869565,2127,0
1,0,0.521092,-0.785,0.002475248,2130,1
0,1,0.608892,-0.26,0.004237288,2132,0
1,0,0.671169,-0.36,0.005555556,2135,1
1,0,0.795062,0.471,0.002390438,2136,0
1,0,0.775545,-0.566,8.3682e-4,2138,0
1,0,0.720929,-0.5,0.037950664,2140,0
0,1,0.352862,-0.305,0.005780347,2149,0
1,0,0.868118,-0.101,0.010526316,2156,1
1,0,0.791621,-0.435,0.002673797,2159,0
0,1,0.33565,0.266,0.002518892,2165,1
0,1,0.608892,-0.415,0.002331002,2167,0
1,0,0.59508,-0.365,0.058695652,2169,0
1,0,0.549308,-0.486,0.012219959,2181,0
1,0,0.4685,0.327,0.012936611,2187,0
1,0,0.7459,-0.434,0.002587322,2190,1
0,1,0.948786,1.278,0.082191781,2192,0
1,0,0.0704,-0.813,0.001096491,2195,1
1,0,0.653063,-0.686,0.0056926,2197,1
1,0,0.703578,0.528,0.007874016,2200,0
1,0,0.849326,-0.407,0.003187251,2204,0
1,0,0.342579,-0.446,3.47464e-4,2205,0
0,1,0.819762,-0.269,0.021052632,2214,0
1,0,0.557691,-0.049,0.010869565,2219,0
0,1,0.570702,0.267,0.01369863,2222,1
1,0,0.59014,-0.67,0.027624309,2225,0
1,0,0.852992,0.008,0.004780876,2227,0
1,0,0.622677,-1.195,0.004889976,2234,1
1,0,0.538167,-0.74,0.046391753,2237,0
1,0,0.716283,-0.691,0.032258065,2244,1
1,0,0.63748,-0.191,0.002347418,2252,0
1,0,0.529623,-0.233,0.003325942,2258,0
1,0,0.657645,-0.353,0.004504505,2260,1
1,0,0.919029,-0.549,0.022222222,2275,0
0,1,0.784345,-0.165,0.001191895,2277,1
1,0,0.703578,0.064,0.019920319,2284,0
1,0,0.608892,0.767,0.047619048,2288,0
0,1,0.517562,-0.265,0.004545455,2291,0
1,0,0.805026,1.359,0.180265655,2294,1
1,0,0.206376,-0.379,0.001135074,2296,0
1,0,0.671169,0.787,0.009393064,2299,1
0,1,0.401658,-0.241,0.029106029,2305,1
1,0,0.915074,-0.56,0.005154639,2306,0
1,0,0.846163,-0.375,0.009852217,2315,0
1,0,0.295083,0.403,0.006237006,2316,0
0,1,0.206376,-0.562,0.046391753,2322,1
0,1,0.771762,-0.302,0.035714286,2331,0
0,1,0.486429,0.762,0.004301075,2333,0
1,0,0.83125,-0.556,0.034564958,2334,0
1,0,0.281712,-0.505,0.021802326,2348,0
1,0,0.699094,-0.743,0.179144385,2354,0
1,0,0.690604,-0.328,0.00499002,2359,1
1,0,0.741537,0.075,0.043650794,2366,0
1,0,0.440853,-0.505,0.002659574,2371,1
0,1,0.871313,-0.208,0.089108911,2377,0
1,0,0.950334,1.16,0.075657895,2380,0
0,1,0.89662,-0.951,0.12248062,2381,1
0,1,0.754692,-0.725,0.009009009,2387,1
1,0,0.185198,-0.421,0.012578616,2388,0
1,0,0.808535,-0.484,0.004385965,2392,0
1,0,0.436924,0.05,0.036956522,2403,1
1,0,0.422041,-0.845,0.012658228,2405,0
1,0,0.311707,-0.262,0.022869023,2413,0
1,0,0.72093,-0.266,0.047858942,2422,1
1,0,0.812494,-0.01,0.007991661,2430,1
1,0,0.741537,-0.283,0.020408163,2432,0
1,0,0.874069,-0.345,0.003610108,2434,0
1,0,0.808535,0.946,0.005555556,2461,0
0,1,0.908098,-0.434,0.009561753,2472,0
1,0,0.901269,0.811,0.01836394,2475,1
1,0,0.4186,-0.231,6.46831e-4,2487,0
0,1,0.936162,-0.004,0.002432245,2488,0
1,0,0.538167,-0.487,0.009501188,2490,0
1,0,0.59508,-0.085,0.625,2492,0
1,0,0.928747,-0.032,0.051546392,2495,0
1,0,0.308712,-0.486,0.002252252,2501,0
1,0,0.328603,-0.544,0.001108647,2508,0
1,0,0.675549,-0.743,0.002118644,2513,1
0,1,0.741537,0.311,0.002403846,2516,0
1,0,0.648219,0.766,0.015748032,2517,0
1,0,0.921076,-0.65,0.00990099,2521,0
1,0,0.490133,0.057,0.005464481,2524,1
1,0,0.444081,-0.379,0.009483667,2532,0
1,0,0.391,0.106,0.009463722,2537,0
1,0,0.5098,1.125,0.022639069,2543,0
1,0,0.657645,-0.64,0.004123711,2544,0
1,0,0.73685,-0.348,0.011918951,2553,0
1,0,0.703578,-0.502,9.98004e-4,2555,0
1,0,0.545602,-0.459,0.035051546,2558,1
1,0,0.767246,-0.523,0.003623188,2560,0
1,0,0.374039,1.242,0.219251337,2567,0
1,0,0.30533,-0.248,0.001550388,2568,1
1,0,0.613573,-0.796,0.01369863,2572,0
1,0,0.321458,-0.554,0.005347594,2580,1
0,1,0.984871,0.544,0.001897533,2581,0
1,0,0.324872,-0.208,0.002252252,2587,0
1,0,0.324872,-0.844,0.102649007,2595,0
1,0,0.63748,0.172,0.027491409,2600,1
1,0,0.980097,0.464,0.001042391,2602,0
1,0,0.525368,-0.314,0.016393443,2603,1
0,1,0.557691,-0.33,0.01876303,2615,0
1,0,0.716283,-0.771,0.056234719,2621,0
0,1,0.200174,0.753,0,2631,0
1,0,0.529623,-0.089,0.004716981,2633,0
1,0,0.206376,0.092,0.004123711,2636,0
1,0,0.608892,-0.621,0.008429926,2638,1
1,0,0.5992,-0.527,0.005174644,2640,0
1,0,0.685117,1.34,0.138398915,2641,0
1,0,0.444081,0.829,0.062861272,2646,0
1,0,0.613573,-0.183,0.005524862,2654,0
1,0,0.805026,0.146,0.003187251,2658,1
1,0,0.18812,-0.222,0.333333333,2672,0
0,1,0.88723,-0.817,0.010928962,2684,0
1,0,0.472492,-0.623,0.013568521,2687,0
1,0,0.517562,-0.362,0.004545455,2689,0
1,0,0.661982,-0.174,0.05952381,2692,0
1,0,0.352862,0.452,0.002403846,2699,0
0,1,0.604312,-0.608,0.002390438,2702,0
1,0,0.882776,-0.642,0.002444988,2713,0
1,0,0.903857,-0.832,0.0499002,2720,0
1,0,0.699094,0.213,0.019565217,2734,0
1,0,0.716283,1.271,0.195652174,2738,0
1,0,0.947281,0.861,3.47464e-4,2744,1
1,0,0.391,-0.736,0.001940492,2748,0
1,0,0.694846,-0.22,0.001053741,2755,0
1,0,0.436924,-0.143,0.020304569,2756,0
1,0,0.6712,-0.291,0.107142857,2761,0
0,1,0.767246,-0.367,3.53607e-4,2765,0
0,1,0.465241,-0.092,0.001108647,2766,0
1,0,0.585406,-0.582,0.010869565,2770,1
1,0,0.298791,-0.119,0.002659574,2772,0
1,0,0.671169,0.302,0.076086957,2778,0
1,0,0.7595,-0.398,0.002587322,2784,0
1,0,0.7415,0.723,0.004527814,2788,0
1,0,0.805026,-0.288,0.068493151,2795,0
1,0,0.450668,0.013,0.055288462,2808,1
1,0,0.771762,-0.503,0.004694836,2809,0
1,0,0.339168,1.097,0.02027027,2811,0
1,0,0.458154,-0.309,0.001165501,2819,1
0,1,0.370445,0.356,0,2832,0
1,0,0.81615,-0.443,0.010548523,2834,1
0,1,0.120615,-0.392,0.075869336,2835,0
1,0,0.505461,0.455,0.024691358,2845,1
1,0,0.879233,-0.445,0.010869565,2847,0
1,0,0.25406,-0.013,0.010638298,2851,0
1,0,0.575842,-0.637,0.005217391,2872,0
0,1,0.3667,-0.324,0.006468305,2876,1
0,1,0.461924,0.15,0.009487666,2877,0
0,1,0.5098,0.057,6.46831e-4,2887,1
0,1,0.398279,-0.481,3.47464e-4,2888,0
1,0,0.414856,-0.476,0.25,2893,1
1,0,0.58069,-0.409,0.006374502,2894,0
1,0,0.788093,-0.725,0.019565217,2902,1
1,0,0.390993,0.802,0.148809524,2916,1
1,0,0.618285,-0.552,0.014150943,2926,1
1,0,0.278302,-0.156,0.043478261,2927,0
1,0,0.724957,-0.371,0.010638298,2937,0
1,0,0.969315,0.312,0.002444988,2938,0
1,0,0.88723,-0.502,0.005959476,2940,0
0,1,0.509769,-0.112,7.22543e-4,2952,0
0,1,0.359901,-0.192,0.005347594,2953,1
1,0,0.741537,1.418,0.227513228,2958,0
1,0,0.483068,0.019,0.037433155,2962,1
0,1,0.59917,0.14,0.028503563,2965,1
1,0,0.440853,1.133,0.738095238,2966,0
1,0,0.754692,1.016,0.105950653,2967,1
1,0,0.83125,0.168,0.001165501,2971,1
1,0,0.132295,-0.005,0.001445087,2976,1
1,0,0.4476,-0.618,0.001293661,2981,1
1,0,0.648219,-0.567,0.005154639,2988,0
1,0,0.876521,-0.49,0.309090909,2990,0
1,0,0.604312,-0.065,0.027303754,2997,0
1,0,0.626927,-0.553,0.034482759,3009,0
0,1,0.93079,-0.068,0.016666667,3013,0
1,0,0.745909,0.65,0.005154639,3014,0
1,0,0.349426,0.871,0.00476758,3016,0
1,0,0.352862,0.371,0.009090909,3019,0
1,0,0.301917,-0.864,0.004716981,3026,0
1,0,0.93079,-0.133,0.031578947,3030,1
0,1,0.934618,0.399,0.003092784,3033,1
1,0,0.541878,0.213,0.002118644,3051,0
0,1,0.335645,-0.516,0,3055,0
1,0,0.585406,0.073,4.1841e-4,3058,0
1,0,0.444081,-0.045,0.083333333,3065,0
1,0,0.81615,-0.738,0.002906977,3070,0
1,0,0.480142,-0.386,0.010309278,3080,0
0,1,0.538167,-0.506,0.033333333,3082,1
1,0,0.356642,-0.398,0.04,3083,0
1,0,0.525368,-0.337,0.105376344,3086,1
0,1,0.476583,0.25,0.006185567,3087,0
1,0,0.788093,-0.505,0.4,3090,0
1,0,0.6269,-0.107,0.018111255,3098,1
0,1,0.557691,0.048,0.042755344,3101,0
1,0,0.8279,0.856,0.026427061,3106,0
1,0,0.346032,-0.7,0.032514451,3107,0
1,0,0.891961,-0.586,0.1133445,3109,1
0,1,0.791621,0.392,0.015463918,3110,0
1,0,0.59014,-0.562,0.069354839,3112,0
0,1,0.750527,-0.231,7.07214e-4,3118,0
0,1,0.779859,-0.321,0.015965167,3120,0
0,1,0.553315,0.953,0.004115226,3123,0
0,1,0.716283,-0.61,0.002270148,3128,0
1,0,0.934618,0.296,0.178045515,3131,1
1,0,0.346032,-0.035,0.006451613,3134,0
1,0,0.60889,-0.434,0.017632242,3135,0
1,0,0.56648,-0.174,0.025773196,3138,0
1,0,0.632174,0.207,0.131799163,3143,1
1,0,0.71201,-0.594,0.005037783,3145,0
1,0,0.91684,-0.175,0.006872852,3148,0
1,0,0.859585,-0.185,0.006802721,3154,0
0,1,0.922952,-0.712,0.00238379,3164,0
1,0,0.874069,-0.665,0.001451379,3172,0
0,1,0.7951,-0.469,0.001057082,3181,1
1,0,0.661982,-0.722,0.027777778,3187,0
0,1,0.394753,0.301,0.057142857,3193,0
1,0,0.15284,-0.662,0.028301887,3195,0
0,1,0.534167,0.556,0.005952381,3197,0
1,0,0.9381,-0.733,6.46831e-4,3204,0
1,0,0.9693,-0.538,0.003171247,3205,1
1,0,0.4292,-0.303,0.012658228,3206,0
0,1,0.745909,-0.395,9.98004e-4,3214,0
0,1,0.924947,-0.514,0.001996008,3220,1
0,1,0.934618,0.066,0.131191432,3221,1
1,0,0.398279,0.396,0.135483871,3222,0
1,0,0.733139,0.354,0.001362398,3223,0
1,0,0.545602,0.994,0.016528926,3224,1
1,0,0.671169,-0.828,0.014513788,3227,1
1,0,0.680603,-0.665,0.001165501,3228,0
1,0,0.129801,0.2,0.001445087,3234,1
0,1,0.401658,-0.331,0.012987013,3238,0
1,0,0.570702,0.886,0.009433962,3244,1
1,0,0.461924,-0.89,0.00460251,3246,1
1,0,0.784345,-0.082,0.005555556,3252,1
0,1,0.553315,0.064,0.005555556,3257,1
1,0,0.680603,-0.638,0.054794521,3259,0
0,1,0.167087,-0.545,0.010638298,3264,0
1,0,0.58541,0.976,0.092105263,3275,0
1,0,0.332115,-0.016,0.00476758,3277,0
1,0,0.538167,1.035,0.021352313,3288,0
1,0,0.798249,-0.288,0.005057803,3292,1
1,0,0.422041,-0.098,0.161290323,3300,0
1,0,0.9657,-0.579,0.013245033,3302,0
1,0,0.81615,-0.471,0.057471264,3313,0
1,0,0.733139,-0.464,0.025041736,3316,0
1,0,0.461924,1.012,0.066298343,3319,0
1,0,0.575842,0.267,0.012121212,3323,1
1,0,0.179055,0.024,0.018867925,3325,0
1,0,0.834292,-0.414,0.012211669,3329,0
1,0,0.754692,-0.458,0.012903226,3331,0
0,1,0.871313,-0.281,0.00334728,3334,0
1,0,0.585406,-0.189,0.003344482,3339,0
1,0,0.988695,0.135,0.047619048,3340,0
1,0,0.575842,-0.49,0.01369863,3341,1
1,0,0.562014,-0.3,0.02173913,3343,1
0,1,0.97245,0.249,0.006601807,3344,0
0,1,0.871313,0.346,0.01996008,3351,0
0,1,0.882776,-0.682,0.066086957,3358,0
1,0,0.450668,0.373,8.3682e-4,3363,0
1,0,0.158265,-0.237,0.009433962,3364,0
1,0,0.418646,-0.154,4.1841e-4,3365,0
1,0,0.699094,0.036,0.006986028,3371,1
1,0,0.356642,-0.479,0.012578616,3378,1
1,0,0.862302,-0.458,0.035051546,3379,1
0,1,0.899122,-0.473,0.002994012,3389,0
1,0,0.750527,-0.044,0.001593625,3391,1
1,0,0.671169,0.633,0.058064516,3394,1
1,0,0.517562,-0.163,0.005524862,3405,0
1,0,0.604312,0.247,0.088709677,3406,1
1,0,0.377384,-0.029,0.003623188,3409,1
1,0,0.408655,0.342,0.007211538,3416,1
1,0,0.827927,0.036,0.050798258,3423,0
1,0,0.894241,-0.136,0.012345679,3429,1
0,1,0.021381,0.088,7.22543e-4,3431,0
1,0,0.675549,-0.384,3.53607e-4,3437,1
1,0,0.959312,0.642,0.012345679,3442,0
1,0,0.779859,-0.466,0.001768034,3448,1
1,0,0.750527,0.928,0.038251366,3452,0
1,0,0.754692,-0.446,0.024911032,3454,0
1,0,0.366687,-0.41,0.024390244,3465,1
1,0,0.4292,-0.349,0.023026316,3474,1
1,0,0.879233,0.88,0.011290323,3475,0
1,0,0.414856,-0.36,0.070600632,3482,0
0,1,0.486429,-0.122,0.002659574,3486,0
1,0,0.712013,-0.534,0.010016694,3487,0
1,0,0.433034,0.246,0.025498891,3493,0
1,0,0.401658,0.458,0.092783505,3510,0
1,0,0.5419,-0.665,6.46831e-4,3524,0
1,0,0.798249,-0.488,0.071428571,3528,0
1,0,0.889439,-0.539,0.003610108,3534,0
1,0,0.545602,-0.819,0.006756757,3539,0
0,1,0.525368,-0.018,0.012987013,3544,0
1,0,0.275179,1.041,0.307692308,3549,0
1,0,0.924947,-0.773,0.012987013,3550,0
0,1,0.549308,0.196,0.021978022,3551,0
0,1,0.779859,-0.612,0.018181818,3556,0
1,0,0.707965,0.437,0.00483871,3558,0
1,0,0.874069,-0.51,0.133526851,3568,0
1,0,0.51756,-0.675,0.344262295,3581,0
0,1,0.795062,-0.369,0.020872865,3585,0
1,0,0.680603,-0.317,0.054421769,3586,0
1,0,0.58069,-0.399,0.001108647,3598,0
1,0,0.433034,0.443,0.0041841,3602,0
1,0,0.505461,-0.706,0.004662005,3610,0
1,0,0.335645,-0.887,0.002713704,3611,0
0,1,0.541878,1.238,0.218023256,3613,0
1,0,0.879233,0.482,0.095238095,3616,0
1,0,0.219301,0.607,0.095238095,3619,1
1,0,0.889439,-0.162,0.003575685,3621,0
1,0,0.401658,0.125,0,3626,0
1,0,0.8198,1.265,0.202959831,3638,0
1,0,0.948786,0.229,0.061111111,3643,0
1,0,0.94331,0.291,0.008174387,3645,0
1,0,0.788093,1.264,0.042780749,3647,0
0,1,0.59917,-0.394,0.004237288,3655,0
1,0,0.585406,-0.748,0.049668874,3661,0
1,0,0.976226,-0.892,0.021052632,3663,0
0,1,0.856457,0.292,0.002252252,3672,0
1,0,0.4507,-0.24,6.46831e-4,3673,0
0,1,0.308712,-0.032,0.002252252,3674,0
0,1,0.724957,0.306,0.02173913,3686,0
1,0,0.618285,-0.393,0.027272727,3687,0
1,0,0.653063,0.145,0.003187251,3695,0
1,0,0.444081,-0.262,0.045454545,3699,0
1,0,0.549308,0.156,0.004360465,3701,0
0,1,0.5854,-0.732,0.016817594,3703,0
1,0,0.788093,-0.808,0.005154639,3705,0
1,0,0.938133,-0.458,0.003401361,3708,0
1,0,0.182256,-0.43,0.004545455,3716,0
1,0,0.707965,0.203,0.00802139,3718,0
0,1,0.342579,-0.276,0.045454545,3723,0
0,1,0.51388,-0.449,0.028455285,3725,0
